vg_name,developer,year_released,avg_score,num_reviews,country,est,status,genre,NA_sales,EU_sales,Japan_sales,Nonspec_sales,Tot_sales
.hack//G.U. Last Recode,Bandai,2017,77.0,7.0,Japan,1950.0,Subsidiary,Role-Playing,0.1,0.04,0.08,0.03,0.24
7 Days to Die,Telltale Games,2016,42.08,12.0,USA,2004.0,Defunct,Action,0.09,0.08,0.0,0.03,0.21
Final Fantasy XV,Square Enix,2016,65.0,2.0,Japan,1975.0,Independent,Role-Playing,1.81,1.53,1.05,0.68,5.07
A Way Out,Electronic Arts,2018,77.03,29.0,USA,1982.0,Independent,Action,0.23,0.16,0.0,0.08,0.48
The King of Fighters XIV,SNK,2016,60.0,1.0,Japan,2001.0,Subsidiary,Fighting,0.21,0.02,0.06,0.05,0.34
Accel World vs. Sword Art Online: Millennium Twilight,Artdink,2017,62.5,14.0,Japan,1986.0,Independent,Action,0.0,0.03,0.06,0.01,0.1
Agents of Mayhem,Square Enix,2017,63.02,41.0,Japan,1975.0,Independent,Action,0.08,0.08,0.0,0.03,0.2
Alien: Isolation,Creative Assembly,2014,79.72,44.0,England,1987.0,Subsidiary,Adventure,0.29,0.59,0.05,0.16,1.09
America's Greatest Game Shows: Wheel of Fortune & Jeopardy!,Ubisoft,2017,80.0,1.0,France,1986.0,Independent,Misc,0.1,0.0,0.0,0.02,0.12
Angry Birds: Star Wars,Activision,2013,48.33,6.0,USA,1979.0,Subsidiary,Puzzle,0.11,0.09,0.0,0.04,0.23
ARK: Survival Evolved,Studio Wildcard,2017,67.7,10.0,USA,2014.0,Independent,Action,0.28,0.29,0.14,0.11,0.81
Arslan: The Warriors of Legend,Omega Force,2016,70.9,31.0,Japan,1997.0,Subsidiary,Action,0.03,0.04,0.06,0.01,0.14
Assassin's Creed Chronicles: China,Climax Studios,2015,68.11,27.0,England,1988.0,Independent,Action-Adventure,0.0,0.03,0.0,0.01,0.04
Assassin's Creed Chronicles,Climax Studios,2016,62.85,26.0,England,1988.0,Independent,Action,0.02,0.05,0.02,0.01,0.11
Assassin's Creed IV: Black Flag,Ubisoft,2013,85.31,18.0,France,1986.0,Independent,Action-Adventure,1.07,1.55,0.06,0.51,3.19
Assassin's Creed Origins,Ubisoft,2017,82.81,39.0,France,1986.0,Independent,Action,1.22,2.11,0.11,0.63,4.06
Assassin's Creed Syndicate,Ubisoft,2015,77.8,56.0,France,1986.0,Independent,Action,0.9,2.06,0.08,0.55,3.6
Assassin's Creed: Unity,Ubisoft,2014,68.11,27.0,France,1986.0,Independent,Action,1.25,2.16,0.09,0.65,4.14
Assassin's Creed The Ezio Collection,Ubisoft,2016,69.08,13.0,France,1986.0,Independent,Action,0.14,0.52,0.02,0.12,0.79
Assetto Corsa,Kunos Simulazioni,2016,64.62,16.0,Italy,2005.0,Subsidiary,Racing,0.0,0.06,0.01,0.01,0.08
Atelier Firis: The Alchemist of the Mysterious Journey,Koei Tecmo Games (formerly Koei),2017,75.05,20.0,Japan,1978.0,Subsidiary,Role-Playing,0.02,0.0,0.05,0.01,0.08
Atelier Sophie: The Alchemist of the Mysterious Book,Gust,2016,76.15,23.0,Japan,1993.0,Subsidiary,Role-Playing,0.04,0.03,0.07,0.01,0.15
Attack on Titan (KOEI),Omega Force,2016,74.9,42.0,Japan,1997.0,Subsidiary,Action,0.08,0.24,0.12,0.06,0.5
Attack on Titan 2,Omega Force,2018,75.7,27.0,Japan,1997.0,Subsidiary,Action,0.09,0.04,0.06,0.03,0.22
Baja: Edge of Control HD,THQ Nordic,2017,66.25,4.0,Austria,2011.0,Independent,Racing,0.02,0.0,0.0,0.01,0.03
Batman: Arkham Knight,Rocksteady Studios,2015,88.45,56.0,England,2005.0,Subsidiary,Action,1.65,1.68,0.11,0.66,4.11
Batman: Arkham VR,Rocksteady Studios,2016,76.43,37.0,England,2005.0,Subsidiary,Action,0.32,0.0,0.0,0.07,0.39
Batman: Return to Arkham,Rocksteady Studios,2016,73.88,16.0,England,2005.0,Subsidiary,Action,0.15,0.39,0.01,0.1,0.64
Batman: The Enemy Within,Telltale Games,2017,75.0,5.0,USA,2004.0,Defunct,Adventure,0.05,0.0,0.0,0.01,0.07
Batman: A Telltale Game Series,Telltale Games,2016,69.17,6.0,USA,2004.0,Defunct,Adventure,0.09,0.07,0.0,0.03,0.19
Battle Chasers: Nightwar,THQ,2017,76.46,23.0,USA,1989.0,Defunct,Role-Playing,0.03,0.02,0.0,0.01,0.06
Battleborn,2K Games,2016,69.21,36.0,USA,2005.0,Subsidiary,Shooter,0.25,0.12,0.03,0.08,0.48
Battlefield 1,Electronic Arts,2018,70.0,1.0,USA,1982.0,Independent,Shooter,2.2,3.65,0.29,1.12,7.26
Battlefield 4,Electronic Arts,2013,85.0,10.0,USA,1982.0,Independent,Shooter,1.4,1.74,0.19,0.62,3.94
Battlefield: Hardline,Electronic Arts,2015,73.16,38.0,USA,1982.0,Independent,Shooter,0.72,0.97,0.14,0.33,2.15
Battlezone,Sony Interactive Entertainment,2016,67.68,28.0,USA,1994.0,Subsidiary,Action,0.09,0.04,0.0,0.03,0.16
Berserk and the Band of the Hawk,Omega Force,2017,67.47,38.0,Japan,1997.0,Subsidiary,Action,0.07,0.02,0.05,0.02,0.16
BioShock The Collection,2K Games,2016,83.35,20.0,USA,2005.0,Subsidiary,Shooter,0.41,0.28,0.03,0.14,0.86
Birthdays the Beginning,Arc System Works,2017,67.59,17.0,Japan,1988.0,Independent,Misc,0.05,0.0,0.0,0.01,0.06
Black Mirror,THQ Nordic,2017,57.71,7.0,Austria,2011.0,Independent,Adventure,0.04,0.0,0.0,0.01,0.05
Bladestorm: Nightmare,Omega Force,2015,57.3,23.0,Japan,1997.0,Subsidiary,Action,0.11,0.04,0.03,0.03,0.22
BlazBlue Central Fiction,Arc System Works,2016,83.53,15.0,Japan,1988.0,Independent,Fighting,0.1,0.0,0.05,0.02,0.17
BlazBlue: Chrono Phantasma Extend,Arc System Works,2015,80.41,11.0,Japan,1988.0,Independent,Fighting,0.08,0.04,0.02,0.02,0.16
Blue Reflection: Maboroshi ni Mau - Shoujo no Ken,Gust,2017,69.77,22.0,Japan,1993.0,Subsidiary,Role-Playing,0.07,0.0,0.06,0.02,0.14
Borderlands: The Handsome Collection,2K Games,2019,81.57,7.0,USA,2005.0,Subsidiary,Shooter,0.69,0.34,0.03,0.22,1.28
Bound By Flame,Sony Interactive Entertainment,2016,71.34,37.0,USA,1994.0,Subsidiary,Action,0.08,0.09,0.0,0.04,0.21
Bravo Team VR,Sony Interactive Entertainment,2018,37.64,14.0,USA,1994.0,Subsidiary,Shooter,0.12,0.09,0.02,0.04,0.27
Broken Sword 5: The Serpent's Curse,Revolution Software,2015,73.56,9.0,England,1990.0,Independent,Adventure,0.0,0.06,0.0,0.01,0.07
Bubsy: The Woolies Strike Back,Accolade,2017,42.18,17.0,USA,1984.0,Defunct,Platform,0.04,0.0,0.0,0.01,0.05
Bulletstorm: Full Clip Edition,People Can Fly,2017,74.35,34.0,Poland,2002.0,Independent,Shooter,0.05,0.06,0.0,0.02,0.13
Call of Duty: Advanced Warfare,Activision,2014,83.5,28.0,USA,1979.0,Subsidiary,Shooter,2.84,3.34,0.14,1.22,7.53
Call of Duty: Black Ops 3,Activision,2018,83.93,42.0,USA,1979.0,Subsidiary,Shooter,6.18,6.05,0.41,2.44,15.09
Call of Duty: Ghosts,Activision,2013,78.31,32.0,USA,1979.0,Subsidiary,Shooter,1.79,1.64,0.05,0.69,4.17
Call of Duty: Infinite Warfare,Activision,2016,77.82,57.0,USA,1979.0,Subsidiary,Shooter,3.11,3.83,0.19,1.36,8.48
Call of Duty: Modern Warfare Remastered,Activision,2016,85.36,14.0,USA,1979.0,Subsidiary,Shooter,0.17,0.3,0.03,0.09,0.58
Call of Duty: WWII,Activision,2017,81.01,46.0,USA,1979.0,Subsidiary,Shooter,4.67,6.21,0.4,2.12,13.4
Carmageddon: Max Damage,Stainless Games,2016,50.94,16.0,England,1993.0,Independent,Action,0.02,0.0,0.0,0.0,0.02
Cars 3: Driven to Win,Warner Bros. Interactive Entertainment,2017,72.86,7.0,USA,1988.0,Subsidiary,Racing,0.06,0.18,0.01,0.04,0.29
Child of Light,Ubisoft,2014,83.48,31.0,France,1986.0,Independent,Role-Playing,0.0,0.01,0.04,0.0,0.05
Cities: Skylines,Colossal Order,2018,60.0,1.0,Finland,2009.0,Independent,Simulation,0.15,0.07,0.04,0.05,0.3
ClaDun Sengoku,Nippon Ichi Software,2017,72.5,8.0,Japan,1991.0,Independent,Action,0.02,0.0,0.0,0.0,0.03
Crash Bandicoot N. Sane Trilogy,Activision,2017,81.28,47.0,USA,1979.0,Subsidiary,Platform,1.09,2.92,0.07,0.74,4.83
Danganronpa 1o2 Reload,Chunsoft,2017,85.71,14.0,Japan,1984.0,Defunct,Adventure,0.08,0.0,0.02,0.02,0.12
Danganronpa Another Episode: Ultra Despair Girls,Spike Chunsoft,2017,70.71,7.0,Japan,2012.0,Subsidiary,Shooter,0.03,0.0,0.01,0.01,0.04
Dark Souls II,Bandai,2015,87.23,26.0,Japan,1950.0,Subsidiary,Role-Playing,0.27,0.23,0.09,0.1,0.69
Dark Souls III,Bandai,2016,88.93,49.0,Japan,1950.0,Subsidiary,Role-Playing,1.0,0.63,0.44,0.34,2.42
Darksiders II,Gunfire Games,2015,73.0,22.0,USA,2014.0,Subsidiary,Action-Adventure,0.1,0.1,0.0,0.04,0.24
Darksiders III,Gunfire Games,2018,61.48,31.0,USA,2014.0,Subsidiary,Action,0.13,0.07,0.0,0.04,0.25
Date-A-Live Twin Edition: Rio Reincarnation,Compile Heart,2019,85.0,2.0,Japan,2006.0,Subsidiary,Adventure,0.0,0.0,0.01,0.0,0.01
Deformers,Ready at Dawn,2017,51.0,4.0,USA,2003.0,Independent,Action,0.05,0.0,0.0,0.01,0.06
Dead Island Definitive Collection,Techland,2016,61.71,21.0,Poland,1991.0,Independent,Action,0.09,0.08,0.03,0.03,0.23
Dead or Alive 5,Team Ninja,2015,75.19,29.0,Japan,1995.0,Subsidiary,Fighting,0.09,0.13,0.09,0.04,0.35
Dead or Alive Xtreme 3: Fortune,Team Ninja,2016,48.33,3.0,Japan,1995.0,Subsidiary,Sports,0.0,0.0,0.06,0.0,0.06
Dead Rising,Capcom,2016,86.5,4.0,Japan,1979.0,Independent,Action,0.04,0.0,0.02,0.01,0.08
Dead Rising 2,Capcom,2016,76.25,4.0,Japan,1979.0,Independent,Action,0.04,0.0,0.02,0.01,0.07
Dead Rising 4,Capcom,2017,73.23,22.0,Japan,1979.0,Independent,Action-Adventure,0.08,0.05,0.0,0.03,0.16
Deadpool,Activision,2015,57.5,4.0,USA,1979.0,Subsidiary,Action,0.26,0.13,0.0,0.08,0.47
Destiny,Activision,2014,76.83,64.0,USA,1979.0,Subsidiary,Shooter,2.53,2.13,0.16,0.94,5.76
Destiny 2,Activision,2017,84.88,57.0,USA,1979.0,Subsidiary,Shooter,1.92,1.44,0.1,0.69,4.14
Destiny: The Taken King,Activision,2015,86.04,54.0,USA,1979.0,Subsidiary,Shooter,0.97,0.8,0.05,0.36,2.18
Detroit: Become Human,Quantic Dream,2018,77.3,50.0,France,1997.0,Independent,Adventure,0.55,0.67,0.12,0.24,1.57
Deus Ex: Mankind Divided,Square Enix,2016,83.75,36.0,Japan,1975.0,Independent,Role-Playing,0.25,0.34,0.01,0.12,0.72
Devil May Cry 4,Capcom,2015,77.03,17.0,Japan,1979.0,Independent,Action,0.01,0.0,0.09,0.0,0.1
DmC: Devil May Cry,Capcom,2019,87.0,22.0,Japan,1979.0,Independent,Action,0.12,0.13,0.0,0.05,0.31
Diablo III,Activision,2017,95.0,1.0,USA,1979.0,Subsidiary,Role-Playing,0.83,1.48,0.08,0.44,2.82
Digimon Story: Cyber Sleuth - Hacker's Memory,Bandai,2016,76.15,33.0,Japan,1950.0,Subsidiary,Role-Playing,0.05,0.05,0.04,0.02,0.16
Digimon World: Next Order,Bandai,2017,68.75,16.0,Japan,1950.0,Subsidiary,Role-Playing,0.13,0.05,0.02,0.04,0.24
DiRT 4,Codemasters,2017,85.17,23.0,England,1985.0,Independent,Racing,0.1,0.3,0.02,0.07,0.49
DiRT Rally,Codemasters,2016,84.87,24.0,England,1985.0,Independent,Racing,0.13,0.3,0.0,0.08,0.51
Disgaea 5: Alliance of Vengeance,Nippon Ichi Software,2015,81.85,41.0,Japan,1991.0,Independent,Role-Playing,0.15,0.08,0.07,0.05,0.35
Dishonored 2,Arkane Studios,2016,86.94,39.0,France,1999.0,Subsidiary,Action,0.62,1.02,0.01,0.31,1.97
Dishonored: Death of the Outsider,Arkane Studios,2017,82.62,25.0,France,1999.0,Subsidiary,Action,0.1,0.18,0.0,0.05,0.33
Dishonored,Arkane Studios,2015,80.19,21.0,France,1999.0,Subsidiary,Action,0.12,0.21,0.02,0.06,0.42
Disney Infinity 3.0,Disney Interactive Studios,2014,73.17,36.0,USA,1988.0,Defunct,Action,0.31,0.4,0.0,0.14,0.85
Dissidia Final Fantasy NT,Square Enix,2018,65.09,33.0,Japan,1975.0,Independent,Fighting,0.19,0.06,0.16,0.05,0.46
Divinity: Original Sin,Chunsoft,2015,87.86,28.0,Japan,1984.0,Defunct,Role-Playing,0.13,0.13,0.04,0.05,0.34
DJ Max Respect,Neowiz,2018,87.14,7.0,South Korea,1997.0,Independent,Misc,0.0,0.0,0.01,0.0,0.01
Doom (2016),id Software,2016,85.82,42.0,USA,1991.0,Subsidiary,Shooter,0.93,1.48,0.04,0.46,2.92
DOOM VFR,id Software,2017,71.46,24.0,USA,1991.0,Subsidiary,Shooter,0.22,0.25,0.0,0.09,0.56
Dragon Age III: Inquisition,BioWare,2014,89.68,34.0,Canada,1995.0,Subsidiary,Role-Playing,1.07,0.8,0.08,0.38,2.34
Dragon Ball Fighter Z,Arc System Works,2018,86.76,36.0,Japan,1988.0,Independent,Fighting,0.61,0.51,0.12,0.23,1.46
Dragon Ball: Xenoverse 2,Bandai,2015,70.26,31.0,Japan,1950.0,Subsidiary,Action,0.54,0.59,0.14,0.23,1.5
Dragon Quest Builders: Revive Alefgard,Square Enix,2016,83.7,46.0,Japan,1975.0,Independent,Role-Playing,0.12,0.17,0.24,0.06,0.58
Dragon Quest Heroes II: Twin Kings and the Prophecy's End,Omega Force,2017,77.17,42.0,Japan,1997.0,Subsidiary,Action,0.05,0.09,0.3,0.03,0.47
Dragon Quest Heroes: The World's Tree Woe and the Blight Below,Omega Force,2015,78.07,52.0,Japan,1997.0,Subsidiary,Action,0.21,0.14,0.39,0.07,0.81
Dragon Quest XI,Square Enix,2018,88.66,49.0,Japan,1975.0,Independent,Role-Playing,0.29,0.22,1.43,0.1,2.04
Dragon's Dogma,Capcom,2017,78.89,9.0,Japan,1979.0,Independent,Role-Playing,0.07,0.07,0.03,0.03,0.21
DriveClub,Evolution Studios,2014,70.72,55.0,England,1999.0,Defunct,Racing,0.37,1.63,0.02,0.36,2.37
Duke Nukem 3D: 20th Anniversary World Tour,Gearbox Software,2016,75.25,16.0,USA,1999.0,Independent,Shooter,0.07,0.0,0.0,0.02,0.09
Dungeons 2,Kalypso Media,2016,66.5,10.0,Germany,2006.0,Independent,Role-Playing,0.02,0.0,0.0,0.0,0.02
Dying Light,Techland,2015,75.02,43.0,Poland,1991.0,Independent,Action,1.18,0.74,0.13,0.4,2.45
Dynasty Warriors 8: Empires,Omega Force,2015,66.47,19.0,Japan,1997.0,Subsidiary,Misc,0.07,0.07,0.04,0.03,0.21
Dynasty Warriors 8: Xtreme Legends,Omega Force,2014,72.27,22.0,Japan,1997.0,Subsidiary,Misc,0.09,0.12,0.06,0.04,0.31
EA Sports UFC,Electronic Arts,2014,70.03,39.0,USA,1982.0,Independent,Fighting,0.49,0.43,0.01,0.18,1.11
EA Sports UFC 3,Electronic Arts,2018,75.67,29.0,USA,1982.0,Independent,Sports,0.4,0.41,0.01,0.16,0.97
Eagle Flight,Ubisoft,2016,74.94,17.0,France,1986.0,Independent,Adventure,0.09,0.08,0.0,0.03,0.2
Earth's Dawn,Rising Star Games,2016,67.0,6.0,England,2004.0,Subsidiary,Action,0.02,0.0,0.0,0.0,0.02
Elex,Piranha Bytes,2017,58.93,14.0,Germany,1997.0,Subsidiary,Role-Playing,0.03,0.16,0.0,0.04,0.23
Elite: Dangerous,Frontier Developments,2017,78.0,10.0,England,1994.0,Independent,Simulation,0.06,0.1,0.0,0.03,0.19
EVE: Valkyrie,CCP Games,2016,73.36,14.0,Iceland,1997.0,Subsidiary,Shooter,0.11,0.06,0.0,0.04,0.21
Everybody's Golf,Clap Hanz,2017,78.42,26.0,Japan,1998.0,Independent,Sports,0.12,0.22,0.17,0.06,0.56
Evolve,2K Games,2015,74.52,31.0,USA,2005.0,Subsidiary,Shooter,0.38,0.41,0.05,0.16,1.01
Extinction,Iron Galaxy Studios,2018,42.91,23.0,USA,2008.0,Independent,Action,0.05,0.0,0.0,0.01,0.06
F1 2015,Codemasters,2015,65.02,25.0,England,1985.0,Independent,Racing,0.1,0.45,0.04,0.1,0.68
F1 2016 (Codemasters),Codemasters,2016,81.93,27.0,England,1985.0,Independent,Racing,0.07,0.56,0.03,0.11,0.78
F1 2017,Codemasters,2017,87.65,23.0,England,1985.0,Independent,Racing,0.04,0.47,0.02,0.09,0.62
Fairy Fencer F: Advent Dark Force,Compile Heart,2016,70.0,17.0,Japan,2006.0,Subsidiary,Role-Playing,0.06,0.0,0.06,0.01,0.14
Fallout 4,Bethesda Game Studios,2015,88.6,42.0,USA,2001.0,Subsidiary,Role-Playing,2.91,3.97,0.27,1.34,8.48
Far Cry 4,Ubisoft,2014,83.76,57.0,France,1986.0,Independent,Shooter,1.18,2.14,0.11,0.63,4.06
Far Cry 5,Ubisoft,2018,82.12,50.0,France,1986.0,Independent,Action,1.44,1.73,0.15,0.62,3.95
Far Cry: Primal,Ubisoft,2016,76.77,57.0,France,1986.0,Independent,Action-Adventure,0.63,1.61,0.07,0.41,2.73
Farpoint,Sony Interactive Entertainment,2017,68.64,28.0,USA,1994.0,Subsidiary,Shooter,0.0,0.38,0.04,0.06,0.48
Fate/Extella: The Umbral Star,Marvelous,2017,65.53,19.0,Japan,1997.0,Independent,Action,0.12,0.0,0.12,0.03,0.27
FIFA 15,Electronic Arts,2014,82.36,29.0,USA,1982.0,Independent,Sports,0.83,4.49,0.05,0.94,6.32
FIFA 17,Electronic Arts,2016,84.2,28.0,USA,1982.0,Independent,Sports,1.26,7.95,0.12,1.61,10.94
FIFA 18,Electronic Arts,2017,83.26,37.0,USA,1982.0,Independent,Sports,1.27,8.64,0.15,1.73,11.8
Final Fantasy Type-0,Square Enix,2015,72.5,56.0,Japan,1975.0,Independent,Role-Playing,0.4,0.33,0.16,0.15,1.04
Final Fantasy X/X-2 HD Remaster,Square Enix,2015,83.33,12.0,Japan,1975.0,Independent,Role-Playing,0.34,0.36,0.07,0.14,0.9
Final Fantasy XII: The Zodiac Age,Square Enix,2017,86.17,41.0,Japan,1975.0,Independent,Role-Playing,0.37,0.41,0.16,0.15,1.1
Final Fantasy XIV: A Realm Reborn,Square Enix,2014,86.08,24.0,Japan,1975.0,Independent,MMO,0.35,0.23,0.08,0.12,0.79
Final Fantasy XIV: Heavensward,Square Enix,2015,86.0,13.0,Japan,1975.0,Independent,MMO,0.0,0.09,0.06,0.02,0.17
Final Fantasy XIV: Stormblood,Square Enix,2017,88.7,10.0,Japan,1975.0,Independent,MMO,0.05,0.06,0.04,0.02,0.17
FlatOut 4: Total Insanity,Kylotonn,2017,62.64,14.0,France,2002.0,Subsidiary,Racing,0.01,0.0,0.0,0.0,0.02
For Honor,Ubisoft,2017,77.88,37.0,France,1986.0,Independent,Action,0.73,0.66,0.07,0.28,1.75
Fortnite,Epic Games,2017,83.5,6.0,USA,1991.0,Independent,Action,0.42,0.32,0.0,0.15,0.89
Game of Thrones (Telltale),Telltale Games,2015,61.67,3.0,USA,2004.0,Defunct,Adventure,0.05,0.0,0.0,0.01,0.06
Geometry Wars 3: Dimensions Evolved,Activision,2015,80.0,1.0,USA,1979.0,Subsidiary,Action,0.02,0.0,0.0,0.01,0.03
Ghostbusters (2016),Activision,2016,33.38,21.0,USA,1979.0,Subsidiary,Action,0.07,0.0,0.0,0.02,0.08
God Eater 2: Rage Burst,Bandai,2016,70.1,20.0,Japan,1950.0,Subsidiary,Role-Playing,0.0,0.01,0.11,0.0,0.12
God Eater Resurrection,Bandai,2016,70.56,18.0,Japan,1950.0,Subsidiary,Action,0.0,0.0,0.09,0.0,0.09
God of War (PS4),Sony Interactive Entertainment,2018,94.1,63.0,USA,1994.0,Subsidiary,Action,2.83,2.17,0.13,1.02,6.15
Godzilla (2015),Bandai,2015,39.16,38.0,Japan,1950.0,Subsidiary,Action,0.11,0.03,0.03,0.03,0.2
Gran Turismo Sport,Polyphony Digital,2017,74.94,42.0,Japan,1998.0,Subsidiary,Racing,0.63,2.35,0.24,0.54,3.77
Grand Ages: Medieval,Ubisoft,2015,65.83,6.0,France,1986.0,Independent,Strategy,0.0,0.05,0.03,0.01,0.09
Grand Kingdom,Chunsoft,2016,77.48,21.0,Japan,1984.0,Defunct,Role-Playing,0.08,0.0,0.04,0.02,0.14
Grand Theft Auto V,Rockstar Games,2014,96.33,41.0,USA,1998.0,Subsidiary,Action,6.06,9.71,0.6,3.02,19.39
Gravity Rush 2,Sony Interactive Entertainment,2017,80.31,50.0,USA,1994.0,Subsidiary,Action-Adventure,0.13,0.05,0.13,0.04,0.35
Guilty Gear Xrd -Revelator-,Arc System Works,2016,84.59,22.0,Japan,1988.0,Independent,Fighting,0.06,0.0,0.07,0.01,0.14
Guilty Gear Xrd: Sign,Arc System Works,2014,85.13,24.0,Japan,1988.0,Independent,Fighting,0.11,0.0,0.04,0.02,0.17
Guilty Gear Xrd REV 2,Arc System Works,2017,85.0,20.0,Japan,1988.0,Independent,Fighting,0.04,0.01,0.03,0.01,0.1
Guitar Hero Live,Activision,2015,81.91,43.0,USA,1979.0,Subsidiary,Music,0.52,0.49,0.0,0.2,1.21
Gundam Versus,Bandai,2017,68.38,20.0,Japan,1950.0,Subsidiary,Action,0.08,0.0,0.18,0.02,0.28
Has-Been Heroes,Frozenbyte,2017,60.2,5.0,Finland,2001.0,Independent,Action,0.06,0.0,0.0,0.01,0.07
Hatsune Miku: Project Diva X,Sega,2017,85.0,2.0,Japan,1960.0,Subsidiary,Music,0.08,0.0,0.04,0.02,0.13
The Heavy Rain and Beyond: Two Souls Collection,Quantic Dream,2016,79.0,1.0,France,1997.0,Independent,Action,0.0,0.24,0.0,0.04,0.28
Hellblade,Ninja Theory,2017,82.1,40.0,England,2000.0,Subsidiary,Action-Adventure,0.03,0.01,0.0,0.01,0.05
Here They Lie,Sony Interactive Entertainment,2016,64.25,20.0,USA,1994.0,Subsidiary,Adventure,0.0,0.03,0.0,0.01,0.04
Hidden Agenda,Sony Interactive Entertainment,2017,68.7,23.0,USA,1994.0,Subsidiary,Adventure,0.08,0.42,0.0,0.09,0.59
Hitman (2016),Square Enix,2016,84.67,33.0,Japan,1975.0,Independent,Action,0.24,0.36,0.06,0.11,0.78
Homefront: The Revolution,Dambuster Studios,2016,46.7,27.0,England,2014.0,Subsidiary,Shooter,0.11,0.29,0.04,0.07,0.5
Horizon: Zero Dawn,Sony Interactive Entertainment,2017,88.36,70.0,USA,1994.0,Subsidiary,Action,2.2,2.43,0.28,0.92,5.82
Injustice 2,NetherRealm Studios,2017,87.7,51.0,USA,2010.0,Subsidiary,Fighting,0.88,0.54,0.0,0.29,1.72
Injustice: Gods Among Us,NetherRealm Studios,2013,83.21,14.0,USA,2010.0,Subsidiary,Fighting,0.46,0.35,0.0,0.17,0.98
J Stars Victory Vs.,Bandai,2015,62.29,28.0,Japan,1950.0,Subsidiary,Fighting,0.11,0.14,0.0,0.05,0.31
JoJo's Bizarre Adventure: Eyes of Heaven,Bandai,2016,63.14,22.0,Japan,1950.0,Subsidiary,Fighting,0.0,0.0,0.04,0.0,0.04
Just Cause 3,Avalanche Studios,2015,77.87,30.0,Sweden,2003.0,Subsidiary,Action-Adventure,0.53,1.07,0.09,0.3,1.98
Just Dance 2014,Ubisoft,2013,75.0,3.0,France,1986.0,Independent,Music,0.21,0.18,0.0,0.08,0.47
Just Dance 2015,Ubisoft,2014,72.5,4.0,France,1986.0,Independent,Music,0.21,0.13,0.0,0.07,0.41
Just Dance 2016,Ubisoft,2015,73.33,6.0,France,1986.0,Independent,Music,0.19,0.13,0.0,0.07,0.39
Just Dance 2017,Ubisoft,2016,73.75,4.0,France,1986.0,Independent,Misc,0.08,0.12,0.0,0.04,0.24
Just Dance 2018,Ubisoft,2017,76.67,3.0,France,1986.0,Independent,Music,0.1,0.15,0.0,0.05,0.3
The Pillars of the Earth,Kalypso Media,2017,75.0,5.0,Germany,2006.0,Independent,Adventure,0.02,0.0,0.0,0.01,0.03
Killing Floor 2 ,Tripwire Interactive,2016,76.64,29.0,USA,2005.0,Independent,Shooter,0.19,0.03,0.0,0.05,0.27
King's Quest: The Complete Collection,Activision,2016,85.0,2.0,USA,1979.0,Subsidiary,Adventure,0.05,0.0,0.0,0.01,0.06
Kingdom Come: Deliverance,Warhorse Studios,2018,72.0,15.0,Czech Republic,2011.0,Subsidiary,Role-Playing,0.18,0.28,0.0,0.09,0.56
Kingdom Hearts HD 2.8 Final Chapter Prologue,Square Enix,2017,77.35,42.0,Japan,1975.0,Independent,Role-Playing,0.57,0.25,0.2,0.17,1.2
Kingdom Hearts 1.5 + 2.5 Remix,Square Enix,2017,84.41,17.0,Japan,1975.0,Independent,Role-Playing,0.75,0.51,0.23,0.26,1.75
Knack 2,Sony Interactive Entertainment,2017,72.01,45.0,USA,1994.0,Subsidiary,Platform,0.14,0.25,0.01,0.07,0.47
Knowledge is Power,Sony Interactive Entertainment,2017,73.36,14.0,USA,1994.0,Subsidiary,Party,0.05,0.47,0.0,0.09,0.61
L.A. Noire,2K Games,2017,75.62,8.0,USA,2005.0,Subsidiary,Adventure,0.18,0.32,0.0,0.1,0.6
Coven and Labyrinth of Refrain,Nippon Ichi Software,2018,76.0,5.0,Japan,1991.0,Independent,Action,0.01,0.0,0.01,0.0,0.03
Lara Croft and the Temple of Osiris,Square Enix,2014,73.82,19.0,Japan,1975.0,Independent,Action,0.0,0.07,0.0,0.01,0.09
Lego Batman 3: Beyond Gotham,Warner Bros. Interactive Entertainment,2014,74.06,31.0,USA,1988.0,Subsidiary,Action,0.37,0.42,0.0,0.16,0.94
LEGO City Undercover,Warner Bros. Interactive Entertainment,2017,77.17,18.0,USA,1988.0,Subsidiary,Platform,0.17,0.46,0.01,0.12,0.75
LEGO Dimensions,Traveller's Tales,2015,79.78,39.0,England,1990.0,Subsidiary,Action,0.48,0.5,0.0,0.2,1.18
LEGO Harry Potter Collection,Warner Bros. Interactive Entertainment,2016,73.0,6.0,USA,1988.0,Subsidiary,Action,0.07,0.68,0.0,0.13,0.88
LEGO Jurassic World,Warner Bros. Interactive Entertainment,2015,71.24,34.0,USA,1988.0,Subsidiary,Action,0.41,0.56,0.02,0.19,1.18
Lego Marvel Super Heroes,Warner Bros. Interactive Entertainment,2013,83.24,17.0,USA,1988.0,Subsidiary,Action,0.59,1.0,0.01,0.3,1.91
LEGO Marvel Super Heroes 2,Warner Bros. Interactive Entertainment,2017,72.33,30.0,USA,1988.0,Subsidiary,Action,0.33,0.6,0.0,0.18,1.11
LEGO Marvel's Avengers,Warner Bros. Interactive Entertainment,2016,71.54,42.0,USA,1988.0,Subsidiary,Action,0.31,0.53,0.01,0.16,1.01
Lego Star Wars: The Force Awakens,Warner Bros. Interactive Entertainment,2016,78.07,36.0,USA,1988.0,Subsidiary,Action-Adventure,0.3,0.78,0.02,0.2,1.31
LEGO The Hobbit,Warner Bros. Interactive Entertainment,2014,73.15,33.0,USA,1988.0,Subsidiary,Action-Adventure,0.14,0.39,0.0,0.1,0.62
LEGO Worlds,Warner Bros. Interactive Entertainment,2017,64.56,16.0,USA,1988.0,Subsidiary,Misc,0.21,0.72,0.04,0.17,1.14
Let It Die,Grasshopper Manufacture,2016,75.28,23.0,Japan,1998.0,Subsidiary,Action,0.0,0.01,0.01,0.0,0.01
Life is Strange,Square Enix,2015,85.58,12.0,Japan,1975.0,Independent,Adventure,0.11,0.16,0.05,0.05,0.37
Little Nightmares,Bandai,2017,74.03,20.0,Japan,1950.0,Subsidiary,Platform,0.18,0.12,0.02,0.06,0.39
LittleBigPlanet 3,Sumo Digital,2014,80.78,50.0,England,2003.0,Independent,Platform,0.78,0.93,0.01,0.34,2.06
Lock's Quest,THQ,2017,30.0,2.0,USA,1989.0,Defunct,Strategy,0.01,0.0,0.0,0.0,0.01
LocoRoco Remastered,Sony Interactive Entertainment,2017,79.58,12.0,USA,1994.0,Subsidiary,Platform,0.0,0.0,0.01,0.0,0.01
Lost Sphear,Square Enix,2018,69.75,30.0,Japan,1975.0,Independent,Role-Playing,0.0,0.0,0.02,0.0,0.02
Lumo,Rising Star Games,2016,75.45,20.0,England,2004.0,Subsidiary,Puzzle,0.03,0.0,0.0,0.01,0.04
Mad Max (2013),Avalanche Studios,2015,69.4,53.0,Sweden,2003.0,Subsidiary,Action,0.38,0.59,0.05,0.19,1.2
Madden NFL 15,Electronic Arts,2014,82.18,33.0,USA,1982.0,Independent,Sports,1.58,0.25,0.0,0.41,2.25
Madden NFL 18,Electronic Arts,2017,82.87,27.0,USA,1982.0,Independent,Sports,1.73,0.42,0.0,0.47,2.62
Madden NFL 25,Electronic Arts,2019,76.44,18.0,USA,1982.0,Independent,Sports,0.64,0.15,0.0,0.17,0.96
Mafia III,2K Games,2016,67.16,37.0,USA,2005.0,Subsidiary,Action-Adventure,0.72,1.67,0.04,0.44,2.87
Mark McMorris Infinite Air,HB Studios,2016,45.56,9.0,Canada,2000.0,Independent,Sports,0.05,0.0,0.0,0.01,0.06
Marvel vs. Capcom: Infinite,Capcom,2017,70.43,45.0,Japan,1979.0,Independent,Fighting,0.36,0.19,0.04,0.11,0.7
Marvel's Guardians of the Galaxy: The Telltale Series,Telltale Games,2017,72.33,3.0,USA,2004.0,Defunct,Adventure,0.06,0.04,0.0,0.02,0.12
Mass Effect: Andromeda,BioWare,2017,70.11,38.0,Canada,1995.0,Subsidiary,Role-Playing,0.58,0.67,0.0,0.25,1.49
Mega Man Legacy Collection,Capcom,2015,75.69,13.0,Japan,1979.0,Independent,Platform,0.09,0.0,0.0,0.02,0.11
Mega Man Legacy Collection 2,Capcom,2017,74.74,23.0,Japan,1979.0,Independent,Action,0.06,0.0,0.02,0.01,0.1
Megadimension Neptunia VIIR,Compile Heart,2016,71.25,20.0,Japan,2006.0,Subsidiary,Role-Playing,0.01,0.0,0.03,0.0,0.04
Metal Gear Solid: Ground Zeroes,Kojima Productions,2014,75.23,48.0,Japan,2005.0,Independent,Action-Adventure,0.36,0.5,0.17,0.17,1.2
Metal Gear Solid V: The Phantom Pain,Kojima Productions,2015,91.59,55.0,Japan,2005.0,Independent,Action,0.97,1.15,0.5,0.42,3.04
Metal Gear Survive,Konami,2018,61.09,33.0,Japan,1969.0,Independent,Action,0.08,0.06,0.05,0.03,0.23
Micro Machines: World Series,Codemasters,2017,58.72,18.0,England,1985.0,Independent,Racing,0.03,0.16,0.0,0.03,0.22
Middle-Earth: Shadow of Mordor,Monolith Productions,2014,86.55,57.0,USA,1994.0,Subsidiary,Action,1.03,1.6,0.05,0.51,3.19
Middle-Earth: Shadow of War,Monolith Productions,2017,81.47,34.0,USA,1994.0,Subsidiary,Action,0.82,0.84,0.06,0.33,2.04
MineCraft,Mojang AB,2014,89.5,8.0,Sweden,2009.0,Subsidiary,Misc,1.89,3.13,0.35,0.96,6.33
MLB The Show 17,Sony Interactive Entertainment,2017,85.34,32.0,USA,1994.0,Subsidiary,Sports,0.94,0.0,0.0,0.22,1.16
MLB The Show 18,Sony Interactive Entertainment,2018,82.36,21.0,USA,1994.0,Subsidiary,Sports,0.86,0.0,0.0,0.2,1.06
Monster Energy Supercross - The Official Videogame,Milestone,2019,72.2,10.0,Japan,2003.0,Defunct,Racing,0.08,0.01,0.0,0.02,0.11
Monster Hunter: World,Capcom,2018,89.71,51.0,Japan,1979.0,Independent,Action,1.03,1.06,2.17,0.42,4.67
Mortal Kombat X,NetherRealm Studios,2015,84.18,58.0,USA,2010.0,Subsidiary,Fighting,1.94,0.94,0.0,0.61,3.49
MotoGP 14 ,Bandai,2014,72.84,19.0,Japan,1950.0,Subsidiary,Racing,0.05,0.11,0.0,0.03,0.2
MotoGP 15,Milestone,2015,64.29,7.0,Japan,2003.0,Defunct,Racing,0.0,0.13,0.04,0.02,0.18
MotoGP 17,Milestone,2017,65.63,8.0,Japan,2003.0,Defunct,Racing,0.04,0.07,0.0,0.02,0.14
Murdered: Soul Suspect,Square Enix,2014,61.29,41.0,Japan,1975.0,Independent,Action-Adventure,0.09,0.17,0.02,0.05,0.33
MX vs. ATV Supercross Encore,Rainbow Studios,2015,43.17,6.0,USA,1996.0,Defunct,Sports,0.0,0.05,0.0,0.01,0.06
MXGP 3: The Official Motocross Videogame,Milestone,2014,65.4,10.0,Japan,2003.0,Defunct,Racing,0.06,0.08,0.0,0.03,0.17
Naruto Shippuden: Ultimate Ninja Storm 4,Bandai,2016,79.16,32.0,Japan,1950.0,Subsidiary,Fighting,0.71,0.47,0.12,0.24,1.54
Naruto to Boruto: Shinobi Striker,Bandai,2018,62.0,10.0,Japan,1950.0,Subsidiary,Action,0.19,0.03,0.02,0.05,0.29
NASCAR Heat 2,Monster Games,2017,63.1,10.0,USA,1996.0,Independent,Racing,0.11,0.0,0.0,0.02,0.13
NASCAR Heat Evolution,Monster Games,2018,61.0,7.0,USA,1996.0,Independent,Racing,0.12,0.0,0.0,0.03,0.15
NBA 2K14,2K Sports,2013,84.18,11.0,USA,2005.0,Subsidiary,Sports,0.91,0.35,0.01,0.27,1.54
NBA 2K15,2K Sports,2014,81.53,31.0,USA,2005.0,Subsidiary,Sports,1.49,0.55,0.01,0.44,2.49
NBA 2K16,2K Games,2015,84.54,26.0,USA,2005.0,Subsidiary,Sports,2.56,0.66,0.05,0.71,3.98
NBA 2K17,2K Games,2016,86.1,21.0,USA,2005.0,Subsidiary,Sports,2.28,0.59,0.03,0.63,3.52
NBA 2K18,2K Games,2017,76.58,24.0,USA,2005.0,Subsidiary,Sports,2.13,0.57,0.04,0.59,3.34
NBA Live 14,Electronic Arts,2013,46.8,20.0,USA,1982.0,Independent,Sports,0.17,0.05,0.0,0.05,0.27
NBA Live 15,Electronic Arts,2014,60.25,14.0,USA,1982.0,Independent,Sports,0.16,0.04,0.0,0.04,0.25
NBA Live 18,Electronic Arts,2017,73.21,14.0,USA,1982.0,Independent,Sports,0.2,0.0,0.0,0.05,0.24
Need for Speed (2015),Electronic Arts,2015,66.44,40.0,USA,1982.0,Independent,Racing,0.59,1.66,0.06,0.41,2.72
Need for Speed: Payback,Electronic Arts,2017,59.0,30.0,USA,1982.0,Independent,Racing,0.62,1.18,0.04,0.34,2.18
Need for Speed Rivals,Electronic Arts,2013,80.59,34.0,USA,1982.0,Independent,Racing,0.75,1.04,0.03,0.35,2.17
Gundam Breaker 3,Bandai,2018,39.4,15.0,Japan,1950.0,Subsidiary,Action,0.0,0.0,0.11,0.0,0.11
NHL 15,Electronic Arts,2014,58.95,22.0,USA,1982.0,Independent,Sports,0.32,0.19,0.0,0.11,0.62
NHL 17,Electronic Arts,2016,80.9,20.0,USA,1982.0,Independent,Sports,0.32,0.11,0.0,0.09,0.52
NHL 18,Electronic Arts,2017,77.06,16.0,USA,1982.0,Independent,Sports,0.31,0.16,0.0,0.1,0.57
Ni no Kuni II: Revenant Kingdom,Bandai,2018,86.3,48.0,Japan,1950.0,Subsidiary,Role-Playing,0.33,0.31,0.12,0.13,0.89
NieR Automata,PlatinumGames,2017,88.84,62.0,Japan,2006.0,Independent,Role-Playing,0.56,0.51,0.42,0.22,1.71
Nights of Azure,Gust,2016,68.21,28.0,Japan,1993.0,Subsidiary,Action,0.04,0.04,0.0,0.02,0.09
Nights of Azure 2,Gust,2017,65.71,21.0,Japan,1993.0,Subsidiary,Action,0.04,0.0,0.04,0.01,0.09
Nitroplus Blasterz: Heroines Infinite Duel,Examu,2016,69.53,30.0,Japan,1999.0,Independent,Fighting,0.01,0.01,0.03,0.0,0.05
 No Heroes Allowed! VR,Sony Interactive Entertainment,2017,73.0,5.0,USA,1994.0,Subsidiary,Strategy,0.0,0.0,0.02,0.0,0.02
Nobunaga's Ambition: Sphere of Influence - Sengoku Risshiden,Koei Tecmo Games (formerly Koei),2015,79.12,16.0,Japan,1978.0,Subsidiary,Strategy,0.03,0.0,0.06,0.01,0.09
Odin Sphere: Leifthrasir,Vanillaware,2016,86.78,36.0,Japan,2002.0,Independent,Role-Playing,0.14,0.07,0.09,0.04,0.34
Okami,Capcom,2017,88.15,20.0,Japan,1979.0,Independent,Action,0.16,0.12,0.03,0.06,0.36
Omega Quintet,Compile Heart,2015,57.86,21.0,Japan,2006.0,Subsidiary,Role-Playing,0.0,0.0,0.02,0.0,0.03
One Piece: Burning Blood,Bandai,2016,64.64,25.0,Japan,1950.0,Subsidiary,Fighting,0.21,0.26,0.09,0.09,0.65
One Piece: Pirate Warriors 3,Bandai,2015,75.0,20.0,Japan,1950.0,Subsidiary,Action,0.11,0.22,0.11,0.06,0.52
One Piece: Unlimited World Red,Bandai,2017,80.0,1.0,Japan,1950.0,Subsidiary,Action,0.0,0.0,0.01,0.0,0.01
Onechanbara Z2: Chaos,Tamsoft,2015,57.83,29.0,Japan,1992.0,Independent,Action,0.16,0.03,0.05,0.04,0.28
Overwatch,Blizzard Entertainment,2016,90.87,23.0,USA,1991.0,Subsidiary,Shooter,1.84,1.8,0.17,0.73,4.54
Pac-Man Championship Edition 2 + Arcade Game Series,Bandai,2016,77.8,15.0,Japan,1950.0,Subsidiary,Action,0.08,0.0,0.0,0.02,0.1
PaRappa the Rapper Remastered,Sony Interactive Entertainment,2017,60.73,15.0,USA,1994.0,Subsidiary,Music,0.0,0.0,0.02,0.0,0.02
Patapon Remastered,Sony Interactive Entertainment,2017,77.25,12.0,USA,1994.0,Subsidiary,Music,0.0,0.0,0.02,0.0,0.02
Payday 2,Overkill Software,2015,69.07,14.0,Sweden,2009.0,Subsidiary,Shooter,0.12,0.14,0.0,0.05,0.32
Persona 5,Atlus,2017,93.3,58.0,Japan,1986.0,Subsidiary,Role-Playing,0.62,0.34,0.48,0.2,1.64
Plants vs Zombies: Garden Warfare,Electronic Arts,2014,78.07,15.0,USA,1982.0,Independent,Shooter,0.24,0.3,0.01,0.11,0.66
PlayStation VR Worlds,Sony Interactive Entertainment,2016,57.07,28.0,USA,1994.0,Subsidiary,Misc,0.36,1.4,0.09,0.32,2.16
Prey (2017),Arkane Studios,2017,77.17,39.0,France,1999.0,Subsidiary,Shooter,0.25,0.62,0.02,0.16,1.04
Pro Evolution Soccer 2015,Konami,2014,83.32,31.0,Japan,1969.0,Independent,Sports,0.09,0.45,0.12,0.1,0.76
Pro Evolution Soccer 2016,Konami,2015,86.58,31.0,Japan,1969.0,Independent,Sports,0.14,0.43,0.14,0.1,0.82
Pro Evolution Soccer 2017,Konami,2016,84.85,31.0,Japan,1969.0,Independent,Sports,0.08,0.41,0.18,0.09,0.75
Pro Evolution Soccer 2018,Konami,2017,82.39,27.0,Japan,1969.0,Independent,Sports,0.12,0.36,0.19,0.09,0.75
Project CARS,Bandai,2015,82.63,27.0,Japan,1950.0,Subsidiary,Racing,0.29,0.76,0.04,0.19,1.28
Project CARS 2,Bandai,2017,79.67,20.0,Japan,1950.0,Subsidiary,Racing,0.1,0.35,0.02,0.08,0.55
Prototype: Biohazard Bundle,Activision,2015,48.0,5.0,USA,1979.0,Subsidiary,Action,0.14,0.0,0.0,0.03,0.17
Pure Farming 2018,Techland,2018,67.0,5.0,Poland,1991.0,Independent,Simulation,0.02,0.01,0.0,0.01,0.04
Rabbids Invasion: The Interactive TV Show,Ubisoft,2014,50.0,1.0,France,1986.0,Independent,Misc,0.0,0.01,0.0,0.0,0.02
Raid: World War II,Starbreeze Studios,2017,39.0,5.0,Sweden,1998.0,Independent,Shooter,0.04,0.0,0.0,0.01,0.04
Ratchet & Clank (2016),Insomniac Games,2016,86.27,64.0,USA,1994.0,Subsidiary,Platform,0.97,0.97,0.06,0.39,2.38
Rayman Legends,Ubisoft,2014,90.45,11.0,France,1986.0,Independent,Platform,0.22,1.05,0.0,0.23,1.5
Red Dead Redemption 2,Rockstar Games,2018,96.45,49.0,USA,1998.0,Subsidiary,Action-Adventure,5.26,6.21,0.21,2.26,13.94
Resident Evil: Revelations 2,Capcom,2019,92.39,41.0,Japan,1979.0,Independent,Action,0.14,0.25,0.11,0.07,0.57
Resident Evil 4 HD,Capcom,2016,85.85,13.0,Japan,1979.0,Independent,Action-Adventure,0.07,0.0,0.01,0.02,0.1
Resident Evil 5 HD,Capcom,2016,66.0,5.0,Japan,1979.0,Independent,Action,0.05,0.0,0.01,0.01,0.07
Resident Evil 6,Capcom,2016,50.62,8.0,Japan,1979.0,Independent,Shooter,0.1,0.0,0.05,0.02,0.17
Resident Evil VII: Biohazard,Capcom,2017,86.86,55.0,Japan,1979.0,Independent,Action,0.88,1.56,0.41,0.46,3.31
Resident Evil: Revelations,Capcom,2017,69.31,13.0,Japan,1979.0,Independent,Action,0.06,0.06,0.04,0.02,0.18
Ride,Milestone,2015,64.5,20.0,Japan,2003.0,Defunct,Racing,0.04,0.13,0.03,0.03,0.24
Ride 2,Milestone,2017,66.44,9.0,Japan,2003.0,Defunct,Racing,0.07,0.06,0.01,0.03,0.16
RIGS: Mechanized Combat League,Sony Interactive Entertainment,2016,79.05,29.0,USA,1994.0,Subsidiary,Action,0.11,0.06,0.02,0.04,0.23
Rime,Tequila Works,2017,80.09,38.0,Spain,2009.0,Independent,Adventure,0.02,0.07,0.0,0.02,0.11
Rise of the Tomb Raider,Crystal Dynamics,2016,88.69,26.0,USA,1992.0,Subsidiary,Adventure,0.61,1.08,0.05,0.32,2.07
Risen 3: Titan Lords,Piranha Bytes,2015,53.3,10.0,Germany,1997.0,Subsidiary,Role-Playing,0.0,0.06,0.0,0.01,0.07
Robinson: The Journey,Crytek,2016,63.76,25.0,Germany,1999.0,Independent,Action-Adventure,0.14,0.09,0.0,0.05,0.27
Rock Band 4,Harmonix Music Systems,2015,78.47,31.0,USA,1995.0,Independent,Music,0.41,0.06,0.0,0.1,0.57
Rocket League,Psyonix,2015,87.16,31.0,USA,2001.0,Subsidiary,Sports,0.37,1.34,0.0,0.31,2.02
Rocksmith 2014,Ubisoft,2014,83.4,5.0,France,1986.0,Independent,Music,0.38,0.17,0.0,0.12,0.67
Romance of the Three Kingdoms 13,Koei Tecmo Games (formerly Koei),2016,66.47,17.0,Japan,1978.0,Subsidiary,Action,0.03,0.0,0.06,0.01,0.1
Rugby 15,HB Studios,2015,17.75,4.0,Canada,2000.0,Independent,Sports,0.05,0.06,0.0,0.02,0.13
Rugby World Cup 2015,HB Studios,2015,27.0,5.0,Canada,2000.0,Independent,Sports,0.0,0.05,0.0,0.01,0.06
Saint Seiya: Soldiers' Soul,Bandai,2015,60.69,13.0,Japan,1950.0,Subsidiary,Fighting,0.0,0.21,0.05,0.04,0.3
Samurai Warriors 4,Omega Force,2014,79.19,21.0,Japan,1997.0,Subsidiary,Fighting,0.08,0.07,0.06,0.03,0.25
Samurai Warriors 4-II,Omega Force,2015,74.55,20.0,Japan,1997.0,Subsidiary,Action,0.04,0.02,0.07,0.01,0.13
Sï¿½bastien Loeb Rally Evo,Milestone,2016,71.08,13.0,Japan,2003.0,Defunct,Racing,0.0,0.04,0.0,0.01,0.05
Secret of Mana,Square Enix,2018,60.35,30.0,Japan,1975.0,Independent,Role-Playing,0.06,0.12,0.05,0.04,0.28
Senran Kagura: Estival Versus,Marvelous,2016,67.25,20.0,Japan,1997.0,Independent,Action,0.08,0.0,0.09,0.02,0.18
Senran Kagura: Peach Beach Splash,Marvelous,2017,70.0,19.0,Japan,1997.0,Independent,Action,0.09,0.02,0.08,0.02,0.21
SG/ZH: School Girl/Zombie Hunter,Tamsoft,2017,57.73,11.0,Japan,1992.0,Independent,Action,0.04,0.0,0.02,0.01,0.07
Shadow of the Colossus,Sony Interactive Entertainment,2018,92.27,51.0,USA,1994.0,Subsidiary,Action-Adventure,0.44,0.52,0.05,0.19,1.2
Shadow Tactics: Blades of the Shogun,Mimimi Productions,2017,86.33,9.0,Germany,2011.0,Independent,Strategy,0.02,0.01,0.0,0.01,0.04
Shadow Warrior (2013),Flying Wild Hog,2014,71.07,15.0,Poland,2009.0,Independent,Shooter,0.0,0.09,0.0,0.02,0.11
Shaq-Fu: A Legend Reborn,Saber Interactive,2018,35.0,8.0,USA,2001.0,Independent,Action,0.02,0.0,0.0,0.0,0.02
Sherlock Holmes: Crimes & Punishments,Frogwares,2014,75.0,30.0,Ukraine,2000.0,Independent,Adventure,0.1,0.14,0.0,0.05,0.29
Sherlock Holmes: The Devil's Daughter,Frogwares,2016,68.82,17.0,Ukraine,2000.0,Independent,Adventure,0.05,0.0,0.0,0.01,0.06
Sine Mora,Digital Reality,2017,80.0,6.0,Hungary,1991.0,Defunct,Action,0.03,0.01,0.0,0.01,0.06
Singstar Celebration,Sony Interactive Entertainment,2017,65.83,6.0,USA,1994.0,Subsidiary,Music,0.04,0.15,0.0,0.03,0.23
Skylanders Imaginators,Activision,2016,81.49,35.0,USA,1979.0,Subsidiary,Platform,0.18,0.18,0.0,0.07,0.43
Skylanders: SuperChargers,Activision,2015,81.39,28.0,USA,1979.0,Subsidiary,Action-Adventure,0.29,0.09,0.0,0.08,0.45
Skylanders SWAP Force,Activision,2013,79.67,9.0,USA,1979.0,Subsidiary,Misc,0.23,0.14,0.0,0.08,0.44
Skylanders: Trap Team,Activision,2014,77.94,35.0,USA,1979.0,Subsidiary,Platform,0.25,0.18,0.0,0.09,0.52
Sleeping Dogs,Square Enix,2014,75.82,17.0,Japan,1975.0,Independent,Action,0.16,0.21,0.0,0.07,0.44
Sniper Elite 4,Rebellion Developments,2017,78.32,39.0,England,1992.0,Independent,Shooter,0.21,0.25,0.0,0.09,0.55
Sniper Elite 3,Rebellion Developments,2014,70.0,1.0,England,1992.0,Independent,Shooter,0.25,0.37,0.0,0.12,0.74
Song of the Deep,Insomniac Games,2016,70.5,30.0,USA,1994.0,Subsidiary,Action,0.12,0.0,0.0,0.03,0.15
Sonic Forces,Sega,2017,58.86,21.0,Japan,1960.0,Subsidiary,Platform,0.15,0.31,0.01,0.09,0.56
Sonic Mania,Sega,2017,87.02,40.0,Japan,1960.0,Subsidiary,Platform,0.1,0.15,0.01,0.05,0.31
South Park: The Fractured But Whole,Ubisoft,2017,81.06,43.0,France,1986.0,Independent,Role-Playing,0.62,0.57,0.0,0.24,1.43
Spintires: MudRunner,Saber Interactive,2018,75.0,2.0,USA,2001.0,Independent,Simulation,0.11,0.12,0.0,0.05,0.28
Star Ocean 5: Integrity and Faithlessness,Square Enix,2016,58.41,40.0,Japan,1975.0,Independent,Role-Playing,0.1,0.13,0.16,0.05,0.45
Star Trek Bridge Crew VR,Red Storm Entertainment,2017,78.02,23.0,USA,1996.0,Subsidiary,Action,0.11,0.12,0.0,0.05,0.28
Star Wars Battlefront (2015),Electronic Arts,2015,74.31,44.0,USA,1982.0,Independent,Shooter,3.31,3.19,0.23,1.3,8.03
Star Wars Battlefront II (2017),Electronic Arts,2017,65.28,34.0,USA,1982.0,Independent,Shooter,1.7,1.99,0.12,0.73,4.53
Starblood Arena VR,Sony Interactive Entertainment,2017,66.67,9.0,USA,1994.0,Subsidiary,Shooter,0.04,0.0,0.0,0.01,0.05
Steep,Ubisoft,2016,69.82,34.0,France,1986.0,Independent,Sports,0.23,0.6,0.02,0.15,1.01
Steins;Gate 0,Chunsoft,2019,77.5,2.0,Japan,1984.0,Defunct,Adventure,0.0,0.0,0.07,0.0,0.07
Street Fighter V,Capcom,2016,77.4,59.0,Japan,1979.0,Independent,Fighting,0.64,0.42,0.12,0.22,1.39
Styx: Shards of Darknes,Cyanide,2017,71.32,19.0,France,2000.0,Subsidiary,Action,0.06,0.0,0.0,0.01,0.07
Sudden Strike 4,Kalypso Media,2017,66.67,6.0,Germany,2006.0,Independent,Strategy,0.05,0.03,0.01,0.02,0.1
Super Stardust Ultra VR,Sony Interactive Entertainment,2016,67.6,10.0,USA,1994.0,Subsidiary,Shooter,0.0,0.02,0.0,0.0,0.02
Superbeat: Xonic,Rising Star Games,2017,82.5,2.0,England,2004.0,Subsidiary,Music,0.02,0.0,0.0,0.0,0.02
Sword Art Online: Hollow Fragment,Bandai,2015,64.13,23.0,Japan,1950.0,Subsidiary,Role-Playing,0.0,0.11,0.0,0.02,0.12
Sword Art Online: Fatal Bullet,Bandai,2018,62.0,25.0,Japan,1950.0,Subsidiary,Role-Playing,0.11,0.03,0.13,0.03,0.29
Sword Art Online: Hollow Realization,Bandai,2016,65.05,19.0,Japan,1950.0,Subsidiary,Role-Playing,0.18,0.06,0.12,0.05,0.41
Sword Art Online: Lost Song,Artdink,2015,62.28,25.0,Japan,1986.0,Independent,Role-Playing,0.19,0.11,0.0,0.06,0.36
Taiko no Tatsujin: Drum Session!,Bandai,2018,72.82,11.0,Japan,1950.0,Subsidiary,Music,0.0,0.0,0.09,0.0,0.09
Tales of Berseria,Bandai,2017,80.54,35.0,Japan,1950.0,Subsidiary,Role-Playing,0.22,0.1,0.26,0.07,0.65
Tales of Zestiria,Bandai,2015,73.8,41.0,Japan,1950.0,Subsidiary,Role-Playing,0.18,0.16,0.04,0.07,0.45
Tearaway Unfolded,Media Molecule,2015,81.75,44.0,England,2006.0,Subsidiary,Platform,0.07,0.13,0.0,0.04,0.24
Teenage Mutant Ninja Turtles: Mutants in Manhattan,Activision,2016,47.87,35.0,USA,1979.0,Subsidiary,Action,0.07,0.03,0.0,0.02,0.12
Tekken 7,Bandai,2017,81.0,42.0,Japan,1950.0,Subsidiary,Fighting,0.6,0.72,0.12,0.26,1.7
The Silver Case,Grasshopper Manufacture,2018,67.88,8.0,Japan,1998.0,Subsidiary,Visual Novel,0.05,0.0,0.01,0.01,0.07
The Amazing Spider-Man 2 (2014),Activision,2014,50.57,35.0,USA,1979.0,Subsidiary,Action-Adventure,0.2,0.26,0.02,0.09,0.56
The Crew,Ivory Tower,2014,58.73,37.0,France,2007.0,Subsidiary,Racing,0.44,1.04,0.03,0.27,1.79
The Crew 2,Ivory Tower,2018,63.86,28.0,France,2007.0,Subsidiary,Racing,0.22,0.42,0.05,0.12,0.82
The Crew: Wild Run,Ivory Tower,2015,69.8,5.0,France,2007.0,Subsidiary,Racing,0.0,0.12,0.0,0.02,0.14
The Elder Scrolls V: Skyrim,Bethesda Game Studios,2016,80.95,20.0,USA,2001.0,Subsidiary,Role-Playing,1.24,1.5,0.08,0.54,3.36
The Evil Within,Tango Gameworks,2014,75.44,45.0,Japan,2010.0,Subsidiary,Action,0.56,0.9,0.11,0.28,1.86
The Golf Club,HB Studios,2014,66.14,7.0,Canada,2000.0,Independent,Sports,0.09,0.02,0.0,0.02,0.13
The Inpatient,Sony Interactive Entertainment,2018,57.88,25.0,USA,1994.0,Subsidiary,Action,0.06,0.05,0.0,0.02,0.13
The Invisible Hours,Tequila Works,2017,83.75,4.0,Spain,2009.0,Independent,Adventure,0.09,0.0,0.0,0.02,0.11
The Last Guardian,Sony Interactive Entertainment,2016,82.13,62.0,USA,1994.0,Subsidiary,Action-Adventure,0.4,0.58,0.13,0.19,1.29
The Last of Us,Naughty Dog,2014,95.7,43.0,USA,1986.0,Subsidiary,Action-Adventure,2.7,2.86,0.11,1.1,6.77
The Legend of Heroes: Trails of Cold Steel III,Nihon Falcom,2019,80.83,12.0,Japan,1981.0,Independent,Role-Playing,0.0,0.0,0.13,0.0,0.13
The LEGO Movie Videogame,Warner Bros. Interactive Entertainment,2019,55.4,10.0,USA,1988.0,Subsidiary,Action-Adventure,0.26,0.32,0.01,0.11,0.71
The Order: 1886,Ready at Dawn,2015,62.61,66.0,USA,2003.0,Independent,Shooter,0.44,0.86,0.07,0.25,1.62
The Peanuts Movie: Snoopy's Grand Adventure,Activision,2015,65.0,2.0,USA,1979.0,Subsidiary,Platform,0.0,0.03,0.0,0.0,0.03
The Sims 4,Electronic Arts,2017,66.92,12.0,USA,1982.0,Independent,Simulation,0.44,0.72,0.01,0.22,1.39
The Talos Principle,Croteam,2015,88.06,27.0,Croatia,1993.0,Independent,Puzzle,0.0,0.04,0.0,0.01,0.04
The Technomancer,Spiders,2016,60.08,24.0,France,2008.0,Subsidiary,Role-Playing,0.04,0.04,0.0,0.02,0.09
The Walking Dead: A Telltale Games Series,Telltale Games,2014,86.67,3.0,USA,2004.0,Defunct,Adventure,0.12,0.26,0.03,0.07,0.48
The Walking Dead - The Telltale Series: A New Frontier,Telltale Games,2017,75.0,2.0,USA,2004.0,Defunct,Adventure,0.11,0.04,0.0,0.03,0.17
The Walking Dead: Season Two,Telltale Games,2018,80.0,3.0,USA,2004.0,Defunct,Misc,0.13,0.09,0.03,0.05,0.3
The Walking Dead: A Telltale Series Collection,Telltale Games,2017,80.0,1.0,USA,2004.0,Defunct,Adventure,0.06,0.0,0.0,0.01,0.07
The Witch and the Hundred Knight,Nippon Ichi Software,2018,55.0,12.0,Japan,1991.0,Independent,Role-Playing,0.03,0.01,0.06,0.01,0.11
The Witcher 3: Wild Hunt,CD Projekt Red,2015,92.23,51.0,Poland,2002.0,Subsidiary,Role-Playing,1.48,2.82,0.28,0.81,5.39
The Wolf Among Us,Telltale Games,2014,81.67,6.0,USA,2004.0,Defunct,Adventure,0.11,0.07,0.0,0.04,0.22
theHunter: Call of the Wild,THQ Nordic,2017,71.25,4.0,Austria,2011.0,Independent,Shooter,0.19,0.0,0.0,0.04,0.24
This Is The Police,THQ,2017,64.5,10.0,USA,1989.0,Defunct,Simulation,0.01,0.0,0.0,0.0,0.02
This War of Mine,11 bit studios,2016,75.26,19.0,Poland,2010.0,Independent,Action,0.0,0.02,0.0,0.0,0.03
Titanfall 2,Electronic Arts,2016,89.36,45.0,USA,1982.0,Independent,Shooter,0.75,0.62,0.06,0.28,1.72
Tokyo Twilight Ghost Hunters Daybreak: Special Gigs,Now Production,2016,65.0,8.0,Japan,1986.0,Independent,Adventure,0.04,0.0,0.0,0.01,0.05
Tokyo Xanadu eX+,Nihon Falcom,2017,72.33,15.0,Japan,1981.0,Independent,Role-Playing,0.05,0.0,0.05,0.01,0.1
Tom Clancy's Ghost Recon Wildlands,Ubisoft,2017,71.5,45.0,France,1986.0,Independent,Shooter,1.07,1.35,0.22,0.47,3.12
Tom Clancy's Rainbow Six: Siege,Ubisoft,2015,74.55,31.0,France,1986.0,Independent,Shooter,1.29,2.06,0.36,0.64,4.36
Tom Clancy's The Division,Massive Entertainment,2016,80.04,39.0,Sweden,1997.0,Subsidiary,Shooter,1.49,2.04,0.16,0.69,4.37
Tony Hawk's Pro Skater 5,Activision,2015,32.96,27.0,USA,1979.0,Subsidiary,Sports,0.11,0.08,0.0,0.04,0.23
Torment: Tides of Numenera,Techland,2017,75.76,17.0,Poland,1991.0,Independent,Role-Playing,0.01,0.0,0.0,0.0,0.01
Toukiden 2,Koei Tecmo Games (formerly Koei),2017,77.5,30.0,Japan,1978.0,Subsidiary,Action,0.04,0.0,0.1,0.01,0.15
Toukiden Kiwami,Koei Tecmo Games (formerly Koei),2015,77.12,25.0,Japan,1978.0,Subsidiary,Action,0.06,0.07,0.03,0.03,0.19
Tour de France 2014,Cyanide,2014,53.33,6.0,France,2000.0,Subsidiary,Sports,0.0,0.03,0.0,0.01,0.04
Le Tour de France 2017,Cyanide,2017,55.0,2.0,France,2000.0,Subsidiary,Simulation,0.0,0.06,0.0,0.01,0.07
Toy Soldiers: War Chest,Krome Studios,2015,59.86,18.0,Australia,1999.0,Defunct,Action,0.07,0.0,0.0,0.02,0.09
TrackMania Turbo,Nadeo,2016,80.46,26.0,France,2000.0,Subsidiary,Racing,0.04,0.35,0.0,0.07,0.47
Transformers: Devastation,Activision,2015,78.35,40.0,USA,1979.0,Subsidiary,Action,0.11,0.09,0.0,0.04,0.24
Transformer: Rise of the Dark Spark,Activision,2014,43.91,23.0,USA,1979.0,Subsidiary,Shooter,0.08,0.11,0.01,0.04,0.23
Trials Fusion,RedLynx,2014,78.18,38.0,Finland,2000.0,Subsidiary,Misc,0.13,0.23,0.01,0.07,0.43
Tropico 5,Haemimont Games,2015,76.25,12.0,Bulgaria,1997.0,Independent,Simulation,0.07,0.18,0.08,0.05,0.38
UEFA Euro 2016,Konami,2016,75.0,2.0,Japan,1969.0,Independent,Sports,0.0,0.22,0.05,0.04,0.31
Ultimate Marvel vs. Capcom 3,Capcom,2016,78.65,17.0,Japan,1979.0,Independent,Fighting,0.19,0.0,0.02,0.04,0.26
Resident Evil: Umbrella Corps,Capcom,2016,38.47,36.0,Japan,1979.0,Independent,Shooter,0.0,0.0,0.04,0.0,0.04
Uncharted: The Lost Legacy,Naughty Dog,2017,85.46,59.0,USA,1986.0,Subsidiary,Action,0.58,1.38,0.04,0.36,2.37
Under Night In-Birth Exe:Latest,Arc System Works,2018,77.88,17.0,Japan,1988.0,Independent,Fighting,0.01,0.0,0.03,0.0,0.04
Until Dawn,Supermassive Games,2015,80.36,72.0,England,2008.0,Independent,Adventure,0.62,0.92,0.06,0.3,1.9
Until Dawn: Rush of Blood,Sony Interactive Entertainment,2016,73.31,29.0,USA,1994.0,Subsidiary,Shooter,0.5,0.21,0.0,0.15,0.85
Valentino Rossi: The Game,Milestone,2016,71.0,5.0,Japan,2003.0,Defunct,Racing,0.05,0.05,0.0,0.02,0.13
Valhalla Hills,Kalypso Media,2017,55.0,3.0,Germany,2006.0,Independent,Strategy,0.01,0.0,0.0,0.0,0.01
Valkyria Chronicles,Sega,2018,84.84,28.0,Japan,1960.0,Subsidiary,Role-Playing,0.14,0.08,0.08,0.04,0.33
Valkyria: Azure Revolution,Sega,2017,58.7,30.0,Japan,1960.0,Subsidiary,Role-Playing,0.04,0.03,0.07,0.02,0.16
Warhammer: The End Times - Vermintide,Fatshark,2016,71.25,8.0,Sweden,2008.0,Subsidiary,Action,0.03,0.03,0.0,0.01,0.07
Warriors Orochi 3,Omega Force,2014,77.06,18.0,Japan,1997.0,Subsidiary,Action,0.04,0.05,0.04,0.02,0.15
Wasteland 2,Chunsoft,2015,81.0,15.0,Japan,1984.0,Defunct,Role-Playing,0.1,0.0,0.03,0.02,0.15
Watch Dogs,Ubisoft,2014,81.26,53.0,France,1986.0,Independent,Action-Adventure,1.4,2.13,0.11,0.68,4.32
Watch Dogs 2,Ubisoft,2016,83.21,60.0,France,1986.0,Independent,Action,0.98,1.74,0.12,0.52,3.36
We Happy Few,Compulsion Games,2018,63.0,9.0,Canada,2009.0,Subsidiary,Action-Adventure,0.08,0.04,0.0,0.02,0.14
We Sing (2016),THQ,2016,80.0,1.0,USA,1989.0,Defunct,Music,0.02,0.0,0.0,0.01,0.03
Werewolves Within,Ubisoft,2016,77.44,9.0,France,1986.0,Independent,Misc,0.04,0.0,0.0,0.01,0.05
WipEout Omega Collection,Sony Interactive Entertainment,2017,86.48,23.0,USA,1994.0,Subsidiary,Racing,0.12,0.49,0.0,0.11,0.72
Wolfenstein II: The New Colossus,MachineGames,2017,87.72,38.0,Sweden,2009.0,Subsidiary,Shooter,0.55,0.58,0.01,0.22,1.36
Wolfenstein: The New Order,MachineGames,2014,81.1,48.0,Sweden,2009.0,Subsidiary,Shooter,0.48,0.84,0.03,0.25,1.61
Wolfenstein: The Old Blood,MachineGames,2015,77.11,37.0,Sweden,2009.0,Subsidiary,Shooter,0.13,0.25,0.02,0.07,0.48
Wonder Boy: The Dragon's Trap (Remake),DotEmu,2017,81.63,27.0,France,2007.0,Independent,Platform,0.03,0.0,0.0,0.01,0.04
World of Final Fantasy,Square Enix,2016,79.23,50.0,Japan,1975.0,Independent,Role-Playing,0.24,0.21,0.09,0.09,0.62
WRC 5: FIA World Rally Championship,Kylotonn,2015,68.22,9.0,France,2002.0,Subsidiary,Racing,0.0,0.05,0.0,0.01,0.06
WRC 6,Bandai,2017,67.77,13.0,Japan,1950.0,Subsidiary,Racing,0.03,0.02,0.01,0.01,0.08
WRC 7,Kylotonn,2017,74.3,10.0,France,2002.0,Subsidiary,Racing,0.06,0.0,0.0,0.01,0.07
WWE 2K15,2K Sports,2014,60.9,29.0,USA,2005.0,Subsidiary,Sports,0.4,0.57,0.0,0.19,1.16
WWE 2K16,2K Sports,2015,73.06,27.0,USA,2005.0,Subsidiary,Sports,0.43,0.65,0.0,0.21,1.29
WWE 2K17,2K Games,2016,69.22,30.0,USA,2005.0,Subsidiary,Sports,0.32,0.7,0.0,0.19,1.22
WWE 2K18,2K Games,2017,63.1,29.0,USA,2005.0,Subsidiary,Sports,0.45,0.67,0.0,0.22,1.33
XCOM 2,2K Games,2016,85.81,16.0,USA,2005.0,Subsidiary,Strategy,0.16,0.1,0.0,0.05,0.31
Yakuza 6,Sega,2018,84.6,54.0,Japan,1960.0,Subsidiary,Adventure,0.16,0.1,0.38,0.05,0.69
Yakuza Kiwami,Sega,2017,79.79,43.0,Japan,1960.0,Subsidiary,Adventure,0.13,0.07,0.21,0.04,0.45
Yakuza Kiwami 2,Sega,2018,85.25,40.0,Japan,1960.0,Subsidiary,Action,0.08,0.06,0.19,0.03,0.37
Yomawari: Midnight Shadows,Nippon Ichi Software,2017,79.58,12.0,Japan,1991.0,Independent,Action,0.02,0.0,0.04,0.0,0.06
Ys VIII: Lacrimosa of Dana,Nihon Falcom,2017,85.72,23.0,Japan,1981.0,Independent,Role-Playing,0.08,0.04,0.08,0.02,0.21
